service_id,monday,tuesday,wednesday,thursday,friday,saturday,sunday,start_date,end_date
T4@3,0,0,0,0,0,0,1,20190626,20190926
10.51@2,0,0,0,0,0,1,0,20190626,20190926
10.51@5,0,0,0,0,0,0,0,20190626,20190926
T52@1,1,1,1,1,1,0,0,20190626,20190926
10.1@1,1,1,1,1,1,0,0,20190626,20190926
E101@1,1,1,1,1,1,0,0,20190626,20190926
T1@3,0,0,0,0,0,0,1,20190626,20190926
T22@3,0,0,0,0,0,0,1,20190626,20190926
T3@2,0,0,0,0,0,1,0,20190626,20190926
T51@1,1,1,1,1,1,0,0,20190626,20190926
A143@1,1,1,1,1,1,0,0,20190626,20190926
149@3,0,0,0,0,0,0,1,20190626,20190926
T51@3,0,0,0,0,0,0,1,20190626,20190926
10.6@3,0,0,0,0,0,0,1,20190626,20190926
TR60@1,1,1,1,1,1,0,0,20190626,20190926
R5@1,1,1,1,1,1,0,0,20190626,20190926
TR32@1,1,1,1,1,1,0,0,20190626,20190926
C801@1,1,1,1,1,1,0,0,20190626,20190926
10.52@1,1,1,1,1,1,0,0,20190626,20190926
T9@3,0,0,0,0,0,0,1,20190626,20190926
T22@5,0,0,0,0,0,0,0,20190626,20190926
10.7@2,0,0,0,0,0,1,0,20190626,20190926
A19@1,1,1,1,1,1,0,0,20190626,20190926
177@1,1,1,1,1,1,0,0,20190626,20190926
10.7@1,1,1,1,1,1,0,0,20190626,20190926
E6011@2,0,0,0,0,0,1,0,20190626,20190926
C802@1,1,1,1,1,1,0,0,20190626,20190926
A09@2,0,0,0,0,0,1,0,20190626,20190926
171@1,1,1,1,1,1,0,0,20190626,20190926
176@1,1,1,1,1,1,0,0,20190626,20190926
T11@2,0,0,0,0,0,1,0,20190626,20190926
T11@5,0,0,0,0,0,0,0,20190626,20190926
173@2,0,0,0,0,0,1,0,20190626,20190926
179@2,0,0,0,0,0,1,0,20190626,20190926
10.7@5,0,0,0,0,0,0,0,20190626,20190926
E6011@1,1,1,1,1,1,0,0,20190626,20190926
A09@5,0,0,0,0,0,0,0,20190626,20190926
2573@3,0,0,0,0,0,0,1,20190626,20190926
179@1,1,1,1,1,1,0,0,20190626,20190926
184@2,0,0,0,0,0,1,0,20190626,20190926
E6011@5,0,0,0,0,0,0,0,20190626,20190926
1713@1,1,1,1,1,1,0,0,20190626,20190926
M79@3,0,0,0,0,0,0,1,20190626,20190926
280@1,1,1,1,1,1,0,0,20190626,20190926
T3@1,1,1,1,1,1,0,0,20190626,20190926
10.5@2,0,0,0,0,0,1,0,20190626,20190926
T1@1,1,1,1,1,1,0,0,20190626,20190926
T11@3,0,0,0,0,0,0,1,20190626,20190926
179@5,0,0,0,0,0,0,0,20190626,20190926
20.11@1,1,1,1,1,1,0,0,20190626,20190926
T3@3,0,0,0,0,0,0,1,20190626,20190926
10.4@2,0,0,0,0,0,1,0,20190626,20190926
E10@1,1,1,1,1,1,0,0,20190626,20190926
T2A1@1,1,1,1,1,1,0,0,20190626,20190926
T11@1,1,1,1,1,1,0,0,20190626,20190926
T11A@1,1,1,1,1,1,0,0,20190626,20190926
173@5,0,0,0,0,0,0,0,20190626,20190926
1761@1,1,1,1,1,1,0,0,20190626,20190926
2441@3,0,0,0,0,0,0,1,20190626,20190926
178@2,0,0,0,0,0,1,0,20190626,20190926
178@1,1,1,1,1,1,0,0,20190626,20190926
195@2,0,0,0,0,0,1,0,20190626,20190926
10.5@1,1,1,1,1,1,0,0,20190626,20190926
10.52@2,0,0,0,0,0,1,0,20190626,20190926
184@5,0,0,0,0,0,0,0,20190626,20190926
F02@1,1,1,1,1,1,0,0,20190626,20190926
A15@2,0,0,0,0,0,1,0,20190626,20190926
216@2,0,0,0,0,0,1,0,20190626,20190926
10.5@5,0,0,0,0,0,0,0,20190626,20190926
T52@2,0,0,0,0,0,1,0,20190626,20190926
195@5,0,0,0,0,0,0,0,20190626,20190926
20.2@3,0,0,0,0,0,0,1,20190626,20190926
250@1,1,1,1,1,1,0,0,20190626,20190926
253@1,1,1,1,1,1,0,0,20190626,20190926
178@5,0,0,0,0,0,0,0,20190626,20190926
C80@5,0,0,0,0,0,0,0,20190626,20190926
T4@5,0,0,0,0,0,0,0,20190626,20190926
10.5@3,0,0,0,0,0,0,1,20190626,20190926
216@5,0,0,0,0,0,0,0,20190626,20190926
R101@3,0,0,0,0,0,0,1,20190626,20190926
T52@5,0,0,0,0,0,0,0,20190626,20190926
T9@1,1,1,1,1,1,0,0,20190626,20190926
10.51@3,0,0,0,0,0,0,1,20190626,20190926
T52@3,0,0,0,0,0,0,1,20190626,20190926
262@5,0,0,0,0,0,0,0,20190626,20190926
2631@3,0,0,0,0,0,0,1,20190626,20190926
10.52@5,0,0,0,0,0,0,0,20190626,20190926
T6@3,0,0,0,0,0,0,1,20190626,20190926
M10@2,0,0,0,0,0,1,0,20190626,20190926
2541@1,1,1,1,1,1,0,0,20190626,20190926
A14@1,1,1,1,1,1,0,0,20190626,20190926
244@3,0,0,0,0,0,0,1,20190626,20190926
T9@2,0,0,0,0,0,1,0,20190626,20190926
T9@5,0,0,0,0,0,0,0,20190626,20190926
165@3,0,0,0,0,0,0,1,20190626,20190926
286@3,0,0,0,0,0,0,1,20190626,20190926
216@3,0,0,0,0,0,0,1,20190626,20190926
R10@2,0,0,0,0,0,1,0,20190626,20190926
2602@2,0,0,0,0,0,1,0,20190626,20190926
2602@5,0,0,0,0,0,0,0,20190626,20190926
2441@1,1,1,1,1,1,0,0,20190626,20190926
TR62@1,1,1,1,1,1,0,0,20190626,20190926
20.4@1,1,1,1,1,1,0,0,20190626,20190926
20.6@3,0,0,0,0,0,0,1,20190626,20190926
A19@2,0,0,0,0,0,1,0,20190626,20190926
A19@5,0,0,0,0,0,0,0,20190626,20190926
1102@1,1,1,1,1,1,0,0,20190626,20190926
2141@1,1,1,1,1,1,0,0,20190626,20190926
2821@3,0,0,0,0,0,0,1,20190626,20190926
188@2,0,0,0,0,0,1,0,20190626,20190926
2632@3,0,0,0,0,0,0,1,20190626,20190926
A87@1,1,1,1,1,1,0,0,20190626,20190926
A14@3,0,0,0,0,0,0,1,20190626,20190926
149@5,0,0,0,0,0,0,0,20190626,20190926
T2A@1,1,1,1,1,1,0,0,20190626,20190926
10.3@2,0,0,0,0,0,1,0,20190626,20190926
289@3,0,0,0,0,0,0,1,20190626,20190926
A69@2,0,0,0,0,0,1,0,20190626,20190926
209@2,0,0,0,0,0,1,0,20190626,20190926
209@5,0,0,0,0,0,0,0,20190626,20190926
A19@3,0,0,0,0,0,0,1,20190626,20190926
176@2,0,0,0,0,0,1,0,20190626,20190926
A11@1,1,1,1,1,1,0,0,20190626,20190926
A17@5,0,0,0,0,0,0,0,20190626,20190926
188@5,0,0,0,0,0,0,0,20190626,20190926
195@1,1,1,1,1,1,0,0,20190626,20190926
A14@2,0,0,0,0,0,1,0,20190626,20190926
A14@5,0,0,0,0,0,0,0,20190626,20190926
272@1,1,1,1,1,1,0,0,20190626,20190926
A871@1,1,1,1,1,1,0,0,20190626,20190926
176@5,0,0,0,0,0,0,0,20190626,20190926
2822@1,1,1,1,1,1,0,0,20190626,20190926
M79@1,1,1,1,1,1,0,0,20190626,20190926
2821@2,0,0,0,0,0,1,0,20190626,20190926
110@1,1,1,1,1,1,0,0,20190626,20190926
T12A@3,0,0,0,0,0,0,1,20190626,20190926
186@3,0,0,0,0,0,0,1,20190626,20190926
187@1,1,1,1,1,1,0,0,20190626,20190926
2821@5,0,0,0,0,0,0,0,20190626,20190926
186@1,1,1,1,1,1,0,0,20190626,20190926
M10@5,0,0,0,0,0,0,0,20190626,20190926
255@5,0,0,0,0,0,0,0,20190626,20190926
20.2@1,1,1,1,1,1,0,0,20190626,20190926
209@3,0,0,0,0,0,0,1,20190626,20190926
A874@1,1,1,1,1,1,0,0,20190626,20190926
274@3,0,0,0,0,0,0,1,20190626,20190926
256@2,0,0,0,0,0,1,0,20190626,20190926
266@2,0,0,0,0,0,1,0,20190626,20190926
10.3@5,0,0,0,0,0,0,0,20190626,20190926
T4@1,1,1,1,1,1,0,0,20190626,20190926
1861@1,1,1,1,1,1,0,0,20190626,20190926
20.1@2,0,0,0,0,0,1,0,20190626,20190926
A69@5,0,0,0,0,0,0,0,20190626,20190926
2843@2,0,0,0,0,0,1,0,20190626,20190926
A1@1,1,1,1,1,1,0,0,20190626,20190926
255@1,1,1,1,1,1,0,0,20190626,20190926
266@5,0,0,0,0,0,0,0,20190626,20190926
2672@2,0,0,0,0,0,1,0,20190626,20190926
10.51@1,1,1,1,1,1,0,0,20190626,20190926
T51@2,0,0,0,0,0,1,0,20190626,20190926
A13@2,0,0,0,0,0,1,0,20190626,20190926
A13@5,0,0,0,0,0,0,0,20190626,20190926
10.6@2,0,0,0,0,0,1,0,20190626,20190926
10.6@5,0,0,0,0,0,0,0,20190626,20190926
1715@1,1,1,1,1,1,0,0,20190626,20190926
176@3,0,0,0,0,0,0,1,20190626,20190926
187@3,0,0,0,0,0,0,1,20190626,20190926
20.1@1,1,1,1,1,1,0,0,20190626,20190926
2843@5,0,0,0,0,0,0,0,20190626,20190926
168@2,0,0,0,0,0,1,0,20190626,20190926
256@1,1,1,1,1,1,0,0,20190626,20190926
2561@1,1,1,1,1,1,0,0,20190626,20190926
2722@2,0,0,0,0,0,1,0,20190626,20190926
274@1,1,1,1,1,1,0,0,20190626,20190926
20.11@2,0,0,0,0,0,1,0,20190626,20190926
210@2,0,0,0,0,0,1,0,20190626,20190926
C80@3,0,0,0,0,0,0,1,20190626,20190926
282@3,0,0,0,0,0,0,1,20190626,20190926
20.21@3,0,0,0,0,0,0,1,20190626,20190926
2561@2,0,0,0,0,0,1,0,20190626,20190926
210@5,0,0,0,0,0,0,0,20190626,20190926
R10@1,1,1,1,1,1,0,0,20190626,20190926
E6011@3,0,0,0,0,0,0,1,20190626,20190926
TR31@1,1,1,1,1,1,0,0,20190626,20190926
2572@1,1,1,1,1,1,0,0,20190626,20190926
251@1,1,1,1,1,1,0,0,20190626,20190926
2573@1,1,1,1,1,1,0,0,20190626,20190926
250@2,0,0,0,0,0,1,0,20190626,20190926
1101@3,0,0,0,0,0,0,1,20190626,20190926
2101@3,0,0,0,0,0,0,1,20190626,20190926
1795@2,0,0,0,0,0,1,0,20190626,20190926
195@3,0,0,0,0,0,0,1,20190626,20190926
A141@2,0,0,0,0,0,1,0,20190626,20190926
A141@5,0,0,0,0,0,0,0,20190626,20190926
2562@2,0,0,0,0,0,1,0,20190626,20190926
2562@5,0,0,0,0,0,0,0,20190626,20190926
20.5@2,0,0,0,0,0,1,0,20190626,20190926
209@1,1,1,1,1,1,0,0,20190626,20190926
2814@3,0,0,0,0,0,0,1,20190626,20190926
T121@1,1,1,1,1,1,0,0,20190626,20190926
250@3,0,0,0,0,0,0,1,20190626,20190926
253@2,0,0,0,0,0,1,0,20190626,20190926
210@1,1,1,1,1,1,0,0,20190626,20190926
T12A@2,0,0,0,0,0,1,0,20190626,20190926
254@3,0,0,0,0,0,0,1,20190626,20190926
2602@1,1,1,1,1,1,0,0,20190626,20190926
262@3,0,0,0,0,0,0,1,20190626,20190926
2701@5,0,0,0,0,0,0,0,20190626,20190926
A99@3,0,0,0,0,0,0,1,20190626,20190926
A991@2,0,0,0,0,0,1,0,20190626,20190926
T12A@5,0,0,0,0,0,0,0,20190626,20190926
1101@5,0,0,0,0,0,0,0,20190626,20190926
2802@1,1,1,1,1,1,0,0,20190626,20190926
283@5,0,0,0,0,0,0,0,20190626,20190926
2672@5,0,0,0,0,0,0,0,20190626,20190926
272@3,0,0,0,0,0,0,1,20190626,20190926
A991@5,0,0,0,0,0,0,0,20190626,20190926
3986@1,1,1,1,1,1,0,0,20190626,20190926
2601@1,1,1,1,1,1,0,0,20190626,20190926
A67@1,1,1,1,1,1,0,0,20190626,20190926
A872@1,1,1,1,1,1,0,0,20190626,20190926
R9@1,1,1,1,1,1,0,0,20190626,20190926
211@2,0,0,0,0,0,1,0,20190626,20190926
211@5,0,0,0,0,0,0,0,20190626,20190926
165@5,0,0,0,0,0,0,0,20190626,20190926
266@3,0,0,0,0,0,0,1,20190626,20190926
149@1,1,1,1,1,1,0,0,20190626,20190926
244@2,0,0,0,0,0,1,0,20190626,20190926
281@2,0,0,0,0,0,1,0,20190626,20190926
2811@2,0,0,0,0,0,1,0,20190626,20190926
244@5,0,0,0,0,0,0,0,20190626,20190926
282@1,1,1,1,1,1,0,0,20190626,20190926
4292@5,0,0,0,0,0,0,0,20190626,20190926
470@2,0,0,0,0,0,1,0,20190626,20190926
A85@1,1,1,1,1,1,0,0,20190626,20190926
30.2@1,1,1,1,1,1,0,0,20190626,20190926
A17@1,1,1,1,1,1,0,0,20190626,20190926
2531@3,0,0,0,0,0,0,1,20190626,20190926
20.5@1,1,1,1,1,1,0,0,20190626,20190926
210@3,0,0,0,0,0,0,1,20190626,20190926
A11@3,0,0,0,0,0,0,1,20190626,20190926
R3@1,1,1,1,1,1,0,0,20190626,20190926
344@2,0,0,0,0,0,1,0,20190626,20190926
344@5,0,0,0,0,0,0,0,20190626,20190926
A288@2,0,0,0,0,0,1,0,20190626,20190926
A288@5,0,0,0,0,0,0,0,20190626,20190926
A66@1,1,1,1,1,1,0,0,20190626,20190926
286@2,0,0,0,0,0,1,0,20190626,20190926
A17@3,0,0,0,0,0,0,1,20190626,20190926
2531@5,0,0,0,0,0,0,0,20190626,20190926
A691@1,1,1,1,1,1,0,0,20190626,20190926
268@3,0,0,0,0,0,0,1,20190626,20190926
260@1,1,1,1,1,1,0,0,20190626,20190926
263@1,1,1,1,1,1,0,0,20190626,20190926
470@5,0,0,0,0,0,0,0,20190626,20190926
T8@1,1,1,1,1,1,0,0,20190626,20190926
A87@5,0,0,0,0,0,0,0,20190626,20190926
2685@2,0,0,0,0,0,1,0,20190626,20190926
F03@1,1,1,1,1,1,0,0,20190626,20190926
30.2@2,0,0,0,0,0,1,0,20190626,20190926
R84@1,1,1,1,1,1,0,0,20190626,20190926
20.61@3,0,0,0,0,0,0,1,20190626,20190926
2685@5,0,0,0,0,0,0,0,20190626,20190926
2671@3,0,0,0,0,0,0,1,20190626,20190926
2101@5,0,0,0,0,0,0,0,20190626,20190926
211@1,1,1,1,1,1,0,0,20190626,20190926
2632@1,1,1,1,1,1,0,0,20190626,20190926
A87@3,0,0,0,0,0,0,1,20190626,20190926
A13@3,0,0,0,0,0,0,1,20190626,20190926
2542@1,1,1,1,1,1,0,0,20190626,20190926
2821@1,1,1,1,1,1,0,0,20190626,20190926
1841@1,1,1,1,1,1,0,0,20190626,20190926
286@5,0,0,0,0,0,0,0,20190626,20190926
D67@1,1,1,1,1,1,0,0,20190626,20190926
473@5,0,0,0,0,0,0,0,20190626,20190926
50.81@2,0,0,0,0,0,1,0,20190626,20190926
2682@2,0,0,0,0,0,1,0,20190626,20190926
2682@5,0,0,0,0,0,0,0,20190626,20190926
1112@1,1,1,1,1,1,0,0,20190626,20190926
A876@1,1,1,1,1,1,0,0,20190626,20190926
2733@3,0,0,0,0,0,0,1,20190626,20190926
283@2,0,0,0,0,0,1,0,20190626,20190926
186@2,0,0,0,0,0,1,0,20190626,20190926
186@5,0,0,0,0,0,0,0,20190626,20190926
251@2,0,0,0,0,0,1,0,20190626,20190926
251@5,0,0,0,0,0,0,0,20190626,20190926
2741@2,0,0,0,0,0,1,0,20190626,20190926
2741@5,0,0,0,0,0,0,0,20190626,20190926
M30.2@1,1,1,1,1,1,0,0,20190626,20190926
343@2,0,0,0,0,0,1,0,20190626,20190926
525@1,1,1,1,1,1,0,0,20190626,20190926
60.6@3,0,0,0,0,0,0,1,20190626,20190926
254@2,0,0,0,0,0,1,0,20190626,20190926
254@5,0,0,0,0,0,0,0,20190626,20190926
A288@3,0,0,0,0,0,0,1,20190626,20190926
03.1@2,0,0,0,0,0,1,0,20190626,20190926
188@3,0,0,0,0,0,0,1,20190626,20190926
20.21@2,0,0,0,0,0,1,0,20190626,20190926
A16@1,1,1,1,1,1,0,0,20190626,20190926
3442@3,0,0,0,0,0,0,1,20190626,20190926
2621@1,1,1,1,1,1,0,0,20190626,20190926
2631@2,0,0,0,0,0,1,0,20190626,20190926
03.1@5,0,0,0,0,0,0,0,20190626,20190926
30.1@1,1,1,1,1,1,0,0,20190626,20190926
2631@5,0,0,0,0,0,0,0,20190626,20190926
A265@1,1,1,1,1,1,0,0,20190626,20190926
60.2@1,1,1,1,1,1,0,0,20190626,20190926
60.4@2,0,0,0,0,0,1,0,20190626,20190926
T12@1,1,1,1,1,1,0,0,20190626,20190926
340@2,0,0,0,0,0,1,0,20190626,20190926
20.21@5,0,0,0,0,0,0,0,20190626,20190926
20.61@1,1,1,1,1,1,0,0,20190626,20190926
2541@2,0,0,0,0,0,1,0,20190626,20190926
R21@1,1,1,1,1,1,0,0,20190626,20190926
346@1,1,1,1,1,1,0,0,20190626,20190926
A348@5,0,0,0,0,0,0,0,20190626,20190926
345@1,1,1,1,1,1,0,0,20190626,20190926
349@1,1,1,1,1,1,0,0,20190626,20190926
608@1,1,1,1,1,1,0,0,20190626,20190926
D13@1,1,1,1,1,1,0,0,20190626,20190926
2732@1,1,1,1,1,1,0,0,20190626,20190926
2675@1,1,1,1,1,1,0,0,20190626,20190926
110@2,0,0,0,0,0,1,0,20190626,20190926
R4@1,1,1,1,1,1,0,0,20190626,20190926
3441@2,0,0,0,0,0,1,0,20190626,20190926
3441@5,0,0,0,0,0,0,0,20190626,20190926
R67@1,1,1,1,1,1,0,0,20190626,20190926
268@1,1,1,1,1,1,0,0,20190626,20190926
M68@3,0,0,0,0,0,0,1,20190626,20190926
A68@1,1,1,1,1,1,0,0,20190626,20190926
262@1,1,1,1,1,1,0,0,20190626,20190926
2632@5,0,0,0,0,0,0,0,20190626,20190926
2671@2,0,0,0,0,0,1,0,20190626,20190926
2671@5,0,0,0,0,0,0,0,20190626,20190926
2671@1,1,1,1,1,1,0,0,20190626,20190926
2813@3,0,0,0,0,0,0,1,20190626,20190926
A17@2,0,0,0,0,0,1,0,20190626,20190926
2562@3,0,0,0,0,0,0,1,20190626,20190926
211@3,0,0,0,0,0,0,1,20190626,20190926
1111@2,0,0,0,0,0,1,0,20190626,20190926
A81@2,0,0,0,0,0,1,0,20190626,20190926
A81@5,0,0,0,0,0,0,0,20190626,20190926
267@1,1,1,1,1,1,0,0,20190626,20190926
2723@1,1,1,1,1,1,0,0,20190626,20190926
266@1,1,1,1,1,1,0,0,20190626,20190926
284@2,0,0,0,0,0,1,0,20190626,20190926
343@5,0,0,0,0,0,0,0,20190626,20190926
D43@2,0,0,0,0,0,1,0,20190626,20190926
3752@5,0,0,0,0,0,0,0,20190626,20190926
3762@5,0,0,0,0,0,0,0,20190626,20190926
A11@2,0,0,0,0,0,1,0,20190626,20190926
A11@5,0,0,0,0,0,0,0,20190626,20190926
274@2,0,0,0,0,0,1,0,20190626,20190926
274@5,0,0,0,0,0,0,0,20190626,20190926
284@5,0,0,0,0,0,0,0,20190626,20190926
A671@1,1,1,1,1,1,0,0,20190626,20190926
347@3,0,0,0,0,0,0,1,20190626,20190926
A348@2,0,0,0,0,0,1,0,20190626,20190926
283@3,0,0,0,0,0,0,1,20190626,20190926
3442@1,1,1,1,1,1,0,0,20190626,20190926
289@5,0,0,0,0,0,0,0,20190626,20190926
A69@3,0,0,0,0,0,0,1,20190626,20190926
A360@2,0,0,0,0,0,1,0,20190626,20190926
394@5,0,0,0,0,0,0,0,20190626,20190926
168@1,1,1,1,1,1,0,0,20190626,20190926
A74@2,0,0,0,0,0,1,0,20190626,20190926
A741@2,0,0,0,0,0,1,0,20190626,20190926
2801@2,0,0,0,0,0,1,0,20190626,20190926
A360@5,0,0,0,0,0,0,0,20190626,20190926
375@3,0,0,0,0,0,0,1,20190626,20190926
255@2,0,0,0,0,0,1,0,20190626,20190926
260@2,0,0,0,0,0,1,0,20190626,20190926
3462@3,0,0,0,0,0,0,1,20190626,20190926
361@2,0,0,0,0,0,1,0,20190626,20190926
3442@2,0,0,0,0,0,1,0,20190626,20190926
3462@5,0,0,0,0,0,0,0,20190626,20190926
3763@1,1,1,1,1,1,0,0,20190626,20190926
3941@2,0,0,0,0,0,1,0,20190626,20190926
281@1,1,1,1,1,1,0,0,20190626,20190926
A851@1,1,1,1,1,1,0,0,20190626,20190926
3762@1,1,1,1,1,1,0,0,20190626,20190926
3984@3,0,0,0,0,0,0,1,20190626,20190926
3941@5,0,0,0,0,0,0,0,20190626,20190926
397@2,0,0,0,0,0,1,0,20190626,20190926
348@1,1,1,1,1,1,0,0,20190626,20190926
3481@1,1,1,1,1,1,0,0,20190626,20190926
3762@2,0,0,0,0,0,1,0,20190626,20190926
3763@2,0,0,0,0,0,1,0,20190626,20190926
264@2,0,0,0,0,0,1,0,20190626,20190926
264@5,0,0,0,0,0,0,0,20190626,20190926
40.4@2,0,0,0,0,0,1,0,20190626,20190926
476@1,1,1,1,1,1,0,0,20190626,20190926
397@1,1,1,1,1,1,0,0,20190626,20190926
A98@3,0,0,0,0,0,0,1,20190626,20190926
3942@1,1,1,1,1,1,0,0,20190626,20190926
3944@1,1,1,1,1,1,0,0,20190626,20190926
A74@5,0,0,0,0,0,0,0,20190626,20190926
2672@3,0,0,0,0,0,0,1,20190626,20190926
3943@1,1,1,1,1,1,0,0,20190626,20190926
R31@1,1,1,1,1,1,0,0,20190626,20190926
T2@1,1,1,1,1,1,0,0,20190626,20190926
10.4@1,1,1,1,1,1,0,0,20190626,20190926
273@1,1,1,1,1,1,0,0,20190626,20190926
2741@3,0,0,0,0,0,0,1,20190626,20190926
2601@2,0,0,0,0,0,1,0,20190626,20190926
2601@5,0,0,0,0,0,0,0,20190626,20190926
2661@1,1,1,1,1,1,0,0,20190626,20190926
2685@3,0,0,0,0,0,0,1,20190626,20190926
T4@2,0,0,0,0,0,1,0,20190626,20190926
T6@2,0,0,0,0,0,1,0,20190626,20190926
40.2@2,0,0,0,0,0,1,0,20190626,20190926
429@1,1,1,1,1,1,0,0,20190626,20190926
3972@1,1,1,1,1,1,0,0,20190626,20190926
R321@1,1,1,1,1,1,0,0,20190626,20190926
621@2,0,0,0,0,0,1,0,20190626,20190926
621@5,0,0,0,0,0,0,0,20190626,20190926
491@3,0,0,0,0,0,0,1,20190626,20190926
4952@1,1,1,1,1,1,0,0,20190626,20190926
10.1@2,0,0,0,0,0,1,0,20190626,20190926
T1D@1,1,1,1,1,1,0,0,20190626,20190926
T6@5,0,0,0,0,0,0,0,20190626,20190926
A141@3,0,0,0,0,0,0,1,20190626,20190926
A741@1,1,1,1,1,1,0,0,20190626,20190926
2801@3,0,0,0,0,0,0,1,20190626,20190926
40.41@3,0,0,0,0,0,0,1,20190626,20190926
436@2,0,0,0,0,0,1,0,20190626,20190926
433@3,0,0,0,0,0,0,1,20190626,20190926
438@1,1,1,1,1,1,0,0,20190626,20190926
395@1,1,1,1,1,1,0,0,20190626,20190926
A321@3,0,0,0,0,0,0,1,20190626,20190926
2812@1,1,1,1,1,1,0,0,20190626,20190926
03.1@1,1,1,1,1,1,0,0,20190626,20190926
A439@5,0,0,0,0,0,0,0,20190626,20190926
M76@1,1,1,1,1,1,0,0,20190626,20190926
398@1,1,1,1,1,1,0,0,20190626,20190926
M98@3,0,0,0,0,0,0,1,20190626,20190926
441@3,0,0,0,0,0,0,1,20190626,20190926
473@2,0,0,0,0,0,1,0,20190626,20190926
R41@1,1,1,1,1,1,0,0,20190626,20190926
4951@2,0,0,0,0,0,1,0,20190626,20190926
821@1,1,1,1,1,1,0,0,20190626,20190926
7315@1,1,1,1,1,1,0,0,20190626,20190926
A86@1,1,1,1,1,1,0,0,20190626,20190926
A288@1,1,1,1,1,1,0,0,20190626,20190926
2725@1,1,1,1,1,1,0,0,20190626,20190926
2731@2,0,0,0,0,0,1,0,20190626,20190926
495@1,1,1,1,1,1,0,0,20190626,20190926
4972@1,1,1,1,1,1,0,0,20190626,20190926
4951@5,0,0,0,0,0,0,0,20190626,20190926
4971@1,1,1,1,1,1,0,0,20190626,20190926
03.3@2,0,0,0,0,0,1,0,20190626,20190926
D43@1,1,1,1,1,1,0,0,20190626,20190926
149@2,0,0,0,0,0,1,0,20190626,20190926
171@3,0,0,0,0,0,0,1,20190626,20190926
A33@1,1,1,1,1,1,0,0,20190626,20190926
650@3,0,0,0,0,0,0,1,20190626,20190926
A98@5,0,0,0,0,0,0,0,20190626,20190926
40.42@1,1,1,1,1,1,0,0,20190626,20190926
3763@5,0,0,0,0,0,0,0,20190626,20190926
3954@1,1,1,1,1,1,0,0,20190626,20190926
30.1@3,0,0,0,0,0,0,1,20190626,20190926
30.21@1,1,1,1,1,1,0,0,20190626,20190926
E10@3,0,0,0,0,0,0,1,20190626,20190926
T2A2@3,0,0,0,0,0,0,1,20190626,20190926
376@1,1,1,1,1,1,0,0,20190626,20190926
394@3,0,0,0,0,0,0,1,20190626,20190926
671@1,1,1,1,1,1,0,0,20190626,20190926
439@1,1,1,1,1,1,0,0,20190626,20190926
652@5,0,0,0,0,0,0,0,20190626,20190926
A53@1,1,1,1,1,1,0,0,20190626,20190926
30.3@1,1,1,1,1,1,0,0,20190626,20190926
M30.2@2,0,0,0,0,0,1,0,20190626,20190926
50.1@3,0,0,0,0,0,0,1,20190626,20190926
60.4@5,0,0,0,0,0,0,0,20190626,20190926
173@1,1,1,1,1,1,0,0,20190626,20190926
177@2,0,0,0,0,0,1,0,20190626,20190926
3983@1,1,1,1,1,1,0,0,20190626,20190926
433@2,0,0,0,0,0,1,0,20190626,20190926
60.21@1,1,1,1,1,1,0,0,20190626,20190926
605@5,0,0,0,0,0,0,0,20190626,20190926
177@5,0,0,0,0,0,0,0,20190626,20190926
M79@2,0,0,0,0,0,1,0,20190626,20190926
B51@3,0,0,0,0,0,0,1,20190626,20190926
659@1,1,1,1,1,1,0,0,20190626,20190926
50.61@2,0,0,0,0,0,1,0,20190626,20190926
T7@1,1,1,1,1,1,0,0,20190626,20190926
2701@3,0,0,0,0,0,0,1,20190626,20190926
R68@1,1,1,1,1,1,0,0,20190626,20190926
2731@5,0,0,0,0,0,0,0,20190626,20190926
2741@1,1,1,1,1,1,0,0,20190626,20190926
433@5,0,0,0,0,0,0,0,20190626,20190926
473@1,1,1,1,1,1,0,0,20190626,20190926
2801@5,0,0,0,0,0,0,0,20190626,20190926
A842@1,1,1,1,1,1,0,0,20190626,20190926
60.1@3,0,0,0,0,0,0,1,20190626,20190926
60.2@3,0,0,0,0,0,0,1,20190626,20190926
A621@1,1,1,1,1,1,0,0,20190626,20190926
6613@3,0,0,0,0,0,0,1,20190626,20190926
M79@5,0,0,0,0,0,0,0,20190626,20190926
184@1,1,1,1,1,1,0,0,20190626,20190926
2682@3,0,0,0,0,0,0,1,20190626,20190926
2685@1,1,1,1,1,1,0,0,20190626,20190926
M60.5@1,1,1,1,1,1,0,0,20190626,20190926
608@2,0,0,0,0,0,1,0,20190626,20190926
343@3,0,0,0,0,0,0,1,20190626,20190926
349@2,0,0,0,0,0,1,0,20190626,20190926
03.1@3,0,0,0,0,0,0,1,20190626,20190926
30.1@2,0,0,0,0,0,1,0,20190626,20190926
6712@3,0,0,0,0,0,0,1,20190626,20190926
703@2,0,0,0,0,0,1,0,20190626,20190926
E10@2,0,0,0,0,0,1,0,20190626,20190926
E10@5,0,0,0,0,0,0,0,20190626,20190926
4321@2,0,0,0,0,0,1,0,20190626,20190926
4321@5,0,0,0,0,0,0,0,20190626,20190926
608@5,0,0,0,0,0,0,0,20190626,20190926
610@2,0,0,0,0,0,1,0,20190626,20190926
3974@2,0,0,0,0,0,1,0,20190626,20190926
R31@2,0,0,0,0,0,1,0,20190626,20190926
A974@2,0,0,0,0,0,1,0,20190626,20190926
A974@5,0,0,0,0,0,0,0,20190626,20190926
60.5@1,1,1,1,1,1,0,0,20190626,20190926
T13@1,1,1,1,1,1,0,0,20190626,20190926
2681@1,1,1,1,1,1,0,0,20190626,20190926
340@1,1,1,1,1,1,0,0,20190626,20190926
30.1@5,0,0,0,0,0,0,0,20190626,20190926
345@2,0,0,0,0,0,1,0,20190626,20190926
4921@1,1,1,1,1,1,0,0,20190626,20190926
50.11@2,0,0,0,0,0,1,0,20190626,20190926
T1@2,0,0,0,0,0,1,0,20190626,20190926
T1@5,0,0,0,0,0,0,0,20190626,20190926
50.6@1,1,1,1,1,1,0,0,20190626,20190926
60.21@3,0,0,0,0,0,0,1,20190626,20190926
02.1@1,1,1,1,1,1,0,0,20190626,20190926
20.6@2,0,0,0,0,0,1,0,20190626,20190926
6204@2,0,0,0,0,0,1,0,20190626,20190926
B25@3,0,0,0,0,0,0,1,20190626,20190926
M31@2,0,0,0,0,0,1,0,20190626,20190926
M31@5,0,0,0,0,0,0,0,20190626,20190926
349@5,0,0,0,0,0,0,0,20190626,20190926
353@2,0,0,0,0,0,1,0,20190626,20190926
347@1,1,1,1,1,1,0,0,20190626,20190926
A360@3,0,0,0,0,0,0,1,20190626,20190926
436@5,0,0,0,0,0,0,0,20190626,20190926
492@1,1,1,1,1,1,0,0,20190626,20190926
703@5,0,0,0,0,0,0,0,20190626,20190926
704@1,1,1,1,1,1,0,0,20190626,20190926
613@1,1,1,1,1,1,0,0,20190626,20190926
615@2,0,0,0,0,0,1,0,20190626,20190926
7312@3,0,0,0,0,0,0,1,20190626,20190926
632@3,0,0,0,0,0,0,1,20190626,20190926
20.6@5,0,0,0,0,0,0,0,20190626,20190926
02.11@1,1,1,1,1,1,0,0,20190626,20190926
3985@1,1,1,1,1,1,0,0,20190626,20190926
40.41@1,1,1,1,1,1,0,0,20190626,20190926
721@2,0,0,0,0,0,1,0,20190626,20190926
627@3,0,0,0,0,0,0,1,20190626,20190926
353@5,0,0,0,0,0,0,0,20190626,20190926
361@1,1,1,1,1,1,0,0,20190626,20190926
M52@3,0,0,0,0,0,0,1,20190626,20190926
861@1,1,1,1,1,1,0,0,20190626,20190926
4944@2,0,0,0,0,0,1,0,20190626,20190926
4944@5,0,0,0,0,0,0,0,20190626,20190926
M21@1,1,1,1,1,1,0,0,20190626,20190926
652@1,1,1,1,1,1,0,0,20190626,20190926
4321@3,0,0,0,0,0,0,1,20190626,20190926
436@1,1,1,1,1,1,0,0,20190626,20190926
665@1,1,1,1,1,1,0,0,20190626,20190926
C31@2,0,0,0,0,0,1,0,20190626,20190926
3761@1,1,1,1,1,1,0,0,20190626,20190926
A321@5,0,0,0,0,0,0,0,20190626,20190926
659@2,0,0,0,0,0,1,0,20190626,20190926
659@5,0,0,0,0,0,0,0,20190626,20190926
397@5,0,0,0,0,0,0,0,20190626,20190926
A98@2,0,0,0,0,0,1,0,20190626,20190926
R101@5,0,0,0,0,0,0,0,20190626,20190926
A18@1,1,1,1,1,1,0,0,20190626,20190926
510@2,0,0,0,0,0,1,0,20190626,20190926
520@3,0,0,0,0,0,0,1,20190626,20190926
M60.5@2,0,0,0,0,0,1,0,20190626,20190926
M60.5@5,0,0,0,0,0,0,0,20190626,20190926
B55@2,0,0,0,0,0,1,0,20190626,20190926
7052@2,0,0,0,0,0,1,0,20190626,20190926
40.41@2,0,0,0,0,0,1,0,20190626,20190926
40.41@5,0,0,0,0,0,0,0,20190626,20190926
831@1,1,1,1,1,1,0,0,20190626,20190926
7312@5,0,0,0,0,0,0,0,20190626,20190926
M10@1,1,1,1,1,1,0,0,20190626,20190926
A13@1,1,1,1,1,1,0,0,20190626,20190926
4931@1,1,1,1,1,1,0,0,20190626,20190926
A973@1,1,1,1,1,1,0,0,20190626,20190926
7052@5,0,0,0,0,0,0,0,20190626,20190926
756@1,1,1,1,1,1,0,0,20190626,20190926
6333@2,0,0,0,0,0,1,0,20190626,20190926
6333@5,0,0,0,0,0,0,0,20190626,20190926
624@2,0,0,0,0,0,1,0,20190626,20190926
624@5,0,0,0,0,0,0,0,20190626,20190926
4941@1,1,1,1,1,1,0,0,20190626,20190926
60.1@2,0,0,0,0,0,1,0,20190626,20190926
D18@1,1,1,1,1,1,0,0,20190626,20190926
C4@3,0,0,0,0,0,0,1,20190626,20190926
653@1,1,1,1,1,1,0,0,20190626,20190926
656@2,0,0,0,0,0,1,0,20190626,20190926
398@3,0,0,0,0,0,0,1,20190626,20190926
3981@1,1,1,1,1,1,0,0,20190626,20190926
2563@1,1,1,1,1,1,0,0,20190626,20190926
2572@2,0,0,0,0,0,1,0,20190626,20190926
4382@5,0,0,0,0,0,0,0,20190626,20190926
493@2,0,0,0,0,0,1,0,20190626,20190926
7612@1,1,1,1,1,1,0,0,20190626,20190926
B02@5,0,0,0,0,0,0,0,20190626,20190926
60.1@5,0,0,0,0,0,0,0,20190626,20190926
614@1,1,1,1,1,1,0,0,20190626,20190926
727@1,1,1,1,1,1,0,0,20190626,20190926
631@3,0,0,0,0,0,0,1,20190626,20190926
C1@1,1,1,1,1,1,0,0,20190626,20190926
B094@1,1,1,1,1,1,0,0,20190626,20190926
855@1,1,1,1,1,1,0,0,20190626,20190926
701@2,0,0,0,0,0,1,0,20190626,20190926
A972@1,1,1,1,1,1,0,0,20190626,20190926
494@1,1,1,1,1,1,0,0,20190626,20190926
831@2,0,0,0,0,0,1,0,20190626,20190926
731@2,0,0,0,0,0,1,0,20190626,20190926
349@3,0,0,0,0,0,0,1,20190626,20190926
360@1,1,1,1,1,1,0,0,20190626,20190926
6101@3,0,0,0,0,0,0,1,20190626,20190926
6171@2,0,0,0,0,0,1,0,20190626,20190926
B09@2,0,0,0,0,0,1,0,20190626,20190926
B09@5,0,0,0,0,0,0,0,20190626,20190926
C31@5,0,0,0,0,0,0,0,20190626,20190926
4942@1,1,1,1,1,1,0,0,20190626,20190926
05.1@1,1,1,1,1,1,0,0,20190626,20190926
2572@5,0,0,0,0,0,0,0,20190626,20190926
270@1,1,1,1,1,1,0,0,20190626,20190926
637@1,1,1,1,1,1,0,0,20190626,20190926
656@5,0,0,0,0,0,0,0,20190626,20190926
627@1,1,1,1,1,1,0,0,20190626,20190926
M21@2,0,0,0,0,0,1,0,20190626,20190926
A952@2,0,0,0,0,0,1,0,20190626,20190926
A952@5,0,0,0,0,0,0,0,20190626,20190926
M21@5,0,0,0,0,0,0,0,20190626,20190926
6531@2,0,0,0,0,0,1,0,20190626,20190926
3752@1,1,1,1,1,1,0,0,20190626,20190926
397@3,0,0,0,0,0,0,1,20190626,20190926
6531@5,0,0,0,0,0,0,0,20190626,20190926
654@2,0,0,0,0,0,1,0,20190626,20190926
620@2,0,0,0,0,0,1,0,20190626,20190926
620@5,0,0,0,0,0,0,0,20190626,20190926
662@3,0,0,0,0,0,0,1,20190626,20190926
661@3,0,0,0,0,0,0,1,20190626,20190926
M98@1,1,1,1,1,1,0,0,20190626,20190926
A993@2,0,0,0,0,0,1,0,20190626,20190926
50.1@1,1,1,1,1,1,0,0,20190626,20190926
510@1,1,1,1,1,1,0,0,20190626,20190926
A99@1,1,1,1,1,1,0,0,20190626,20190926
A991@1,1,1,1,1,1,0,0,20190626,20190926
B02@2,0,0,0,0,0,1,0,20190626,20190926
715@2,0,0,0,0,0,1,0,20190626,20190926
271@1,1,1,1,1,1,0,0,20190626,20190926
2633@1,1,1,1,1,1,0,0,20190626,20190926
718@3,0,0,0,0,0,0,1,20190626,20190926
C2@3,0,0,0,0,0,0,1,20190626,20190926
C98@1,1,1,1,1,1,0,0,20190626,20190926
A98@1,1,1,1,1,1,0,0,20190626,20190926
3984@2,0,0,0,0,0,1,0,20190626,20190926
3984@5,0,0,0,0,0,0,0,20190626,20190926
654@5,0,0,0,0,0,0,0,20190626,20190926
A62@1,1,1,1,1,1,0,0,20190626,20190926
40.42@2,0,0,0,0,0,1,0,20190626,20190926
40.42@5,0,0,0,0,0,0,0,20190626,20190926
D72@1,1,1,1,1,1,0,0,20190626,20190926
624@3,0,0,0,0,0,0,1,20190626,20190926
436@3,0,0,0,0,0,0,1,20190626,20190926
A439@3,0,0,0,0,0,0,1,20190626,20190926
4332@5,0,0,0,0,0,0,0,20190626,20190926
T8@3,0,0,0,0,0,0,1,20190626,20190926
264@3,0,0,0,0,0,0,1,20190626,20190926
A87@2,0,0,0,0,0,1,0,20190626,20190926
B024@1,1,1,1,1,1,0,0,20190626,20190926
8612@1,1,1,1,1,1,0,0,20190626,20190926
C3@1,1,1,1,1,1,0,0,20190626,20190926
B25@1,1,1,1,1,1,0,0,20190626,20190926
M21@3,0,0,0,0,0,0,1,20190626,20190926
M68@1,1,1,1,1,1,0,0,20190626,20190926
269@1,1,1,1,1,1,0,0,20190626,20190926
M76@3,0,0,0,0,0,0,1,20190626,20190926
493@1,1,1,1,1,1,0,0,20190626,20190926
605@3,0,0,0,0,0,0,1,20190626,20190926
T13@2,0,0,0,0,0,1,0,20190626,20190926
A97@2,0,0,0,0,0,1,0,20190626,20190926
A97@5,0,0,0,0,0,0,0,20190626,20190926
4944@3,0,0,0,0,0,0,1,20190626,20190926
520@5,0,0,0,0,0,0,0,20190626,20190926
D70@1,1,1,1,1,1,0,0,20190626,20190926
827@2,0,0,0,0,0,1,0,20190626,20190926
M31@3,0,0,0,0,0,0,1,20190626,20190926
633@1,1,1,1,1,1,0,0,20190626,20190926
B01@1,1,1,1,1,1,0,0,20190626,20190926
B05@1,1,1,1,1,1,0,0,20190626,20190926
731@1,1,1,1,1,1,0,0,20190626,20190926
6612@2,0,0,0,0,0,1,0,20190626,20190926
491@1,1,1,1,1,1,0,0,20190626,20190926
496@1,1,1,1,1,1,0,0,20190626,20190926
4291@1,1,1,1,1,1,0,0,20190626,20190926
4292@1,1,1,1,1,1,0,0,20190626,20190926
652@2,0,0,0,0,0,1,0,20190626,20190926
B51@2,0,0,0,0,0,1,0,20190626,20190926
470@1,1,1,1,1,1,0,0,20190626,20190926
671@2,0,0,0,0,0,1,0,20190626,20190926
D73@2,0,0,0,0,0,1,0,20190626,20190926
627@2,0,0,0,0,0,1,0,20190626,20190926
6371@1,1,1,1,1,1,0,0,20190626,20190926
656@1,1,1,1,1,1,0,0,20190626,20190926
439@2,0,0,0,0,0,1,0,20190626,20190926
T8@2,0,0,0,0,0,1,0,20190626,20190926
2731@3,0,0,0,0,0,0,1,20190626,20190926
2814@5,0,0,0,0,0,0,0,20190626,20190926
T8@5,0,0,0,0,0,0,0,20190626,20190926
M76@2,0,0,0,0,0,1,0,20190626,20190926
B09@3,0,0,0,0,0,0,1,20190626,20190926
A93@1,1,1,1,1,1,0,0,20190626,20190926
662@2,0,0,0,0,0,1,0,20190626,20190926
662@5,0,0,0,0,0,0,0,20190626,20190926
B02@3,0,0,0,0,0,0,1,20190626,20190926
6611@1,1,1,1,1,1,0,0,20190626,20190926
A971@1,1,1,1,1,1,0,0,20190626,20190926
4923@5,0,0,0,0,0,0,0,20190626,20190926
665@5,0,0,0,0,0,0,0,20190626,20190926
C31@3,0,0,0,0,0,0,1,20190626,20190926
4943@1,1,1,1,1,1,0,0,20190626,20190926
497@2,0,0,0,0,0,1,0,20190626,20190926
LI.2@1,1,1,1,1,1,0,0,20190626,20190926
B51@5,0,0,0,0,0,0,0,20190626,20190926
862@2,0,0,0,0,0,1,0,20190626,20190926
4971@2,0,0,0,0,0,1,0,20190626,20190926
50.61@1,1,1,1,1,1,0,0,20190626,20190926
2813@5,0,0,0,0,0,0,0,20190626,20190926
A862@1,1,1,1,1,1,0,0,20190626,20190926
B093@1,1,1,1,1,1,0,0,20190626,20190926
F03@2,0,0,0,0,0,1,0,20190626,20190926
03.3@1,1,1,1,1,1,0,0,20190626,20190926
B024@2,0,0,0,0,0,1,0,20190626,20190926
B024@5,0,0,0,0,0,0,0,20190626,20190926
665@2,0,0,0,0,0,1,0,20190626,20190926
B55@1,1,1,1,1,1,0,0,20190626,20190926
M76@5,0,0,0,0,0,0,0,20190626,20190926
4923@3,0,0,0,0,0,0,1,20190626,20190926
704@2,0,0,0,0,0,1,0,20190626,20190926
704@5,0,0,0,0,0,0,0,20190626,20190926
7041@2,0,0,0,0,0,1,0,20190626,20190926
7041@5,0,0,0,0,0,0,0,20190626,20190926
4951@3,0,0,0,0,0,0,1,20190626,20190926
50.6@2,0,0,0,0,0,1,0,20190626,20190926
60.6@2,0,0,0,0,0,1,0,20190626,20190926
60.6@5,0,0,0,0,0,0,0,20190626,20190926
627@5,0,0,0,0,0,0,0,20190626,20190926
727@2,0,0,0,0,0,1,0,20190626,20190926
375@2,0,0,0,0,0,1,0,20190626,20190926
375@5,0,0,0,0,0,0,0,20190626,20190926
827@1,1,1,1,1,1,0,0,20190626,20190926
6333@3,0,0,0,0,0,0,1,20190626,20190926
50.81@1,1,1,1,1,1,0,0,20190626,20190926
525@2,0,0,0,0,0,1,0,20190626,20190926
815@1,1,1,1,1,1,0,0,20190626,20190926
C2@1,1,1,1,1,1,0,0,20190626,20190926
60.21@2,0,0,0,0,0,1,0,20190626,20190926
60.21@5,0,0,0,0,0,0,0,20190626,20190926
613@2,0,0,0,0,0,1,0,20190626,20190926
621@1,1,1,1,1,1,0,0,20190626,20190926
525@5,0,0,0,0,0,0,0,20190626,20190926
T7@3,0,0,0,0,0,0,1,20190626,20190926
C4@1,1,1,1,1,1,0,0,20190626,20190926
60.2@5,0,0,0,0,0,0,0,20190626,20190926
60.5@2,0,0,0,0,0,1,0,20190626,20190926
821@2,0,0,0,0,0,1,0,20190626,20190926
D731@1,1,1,1,1,1,0,0,20190626,20190926
615@1,1,1,1,1,1,0,0,20190626,20190926
721@1,1,1,1,1,1,0,0,20190626,20190926
6612@1,1,1,1,1,1,0,0,20190626,20190926
654@1,1,1,1,1,1,0,0,20190626,20190926
632@5,0,0,0,0,0,0,0,20190626,20190926
M52@5,0,0,0,0,0,0,0,20190626,20190926
6531@3,0,0,0,0,0,0,1,20190626,20190926
762@1,1,1,1,1,1,0,0,20190626,20190926
3752@2,0,0,0,0,0,1,0,20190626,20190926
394@2,0,0,0,0,0,1,0,20190626,20190926
656@3,0,0,0,0,0,0,1,20190626,20190926
A62@2,0,0,0,0,0,1,0,20190626,20190926
B511@1,1,1,1,1,1,0,0,20190626,20190926
762@2,0,0,0,0,0,1,0,20190626,20190926
6712@5,0,0,0,0,0,0,0,20190626,20190926
703@1,1,1,1,1,1,0,0,20190626,20190926
3973@1,1,1,1,1,1,0,0,20190626,20190926
3974@1,1,1,1,1,1,0,0,20190626,20190926
861@2,0,0,0,0,0,1,0,20190626,20190926
703@3,0,0,0,0,0,0,1,20190626,20190926
R32@1,1,1,1,1,1,0,0,20190626,20190926
4292@2,0,0,0,0,0,1,0,20190626,20190926
A62@5,0,0,0,0,0,0,0,20190626,20190926
7621@1,1,1,1,1,1,0,0,20190626,20190926
470@3,0,0,0,0,0,0,1,20190626,20190926
4381@2,0,0,0,0,0,1,0,20190626,20190926
705@1,1,1,1,1,1,0,0,20190626,20190926
B094@5,0,0,0,0,0,0,0,20190626,20190926
441@1,1,1,1,1,1,0,0,20190626,20190926
494@2,0,0,0,0,0,1,0,20190626,20190926
661@1,1,1,1,1,1,0,0,20190626,20190926
7612@2,0,0,0,0,0,1,0,20190626,20190926
05.1@2,0,0,0,0,0,1,0,20190626,20190926
50.1@2,0,0,0,0,0,1,0,20190626,20190926
B02@1,1,1,1,1,1,0,0,20190626,20190926
8612@2,0,0,0,0,0,1,0,20190626,20190926
7052@3,0,0,0,0,0,0,1,20190626,20190926
50.1@5,0,0,0,0,0,0,0,20190626,20190926
50.8@1,1,1,1,1,1,0,0,20190626,20190926
60.4@3,0,0,0,0,0,0,1,20190626,20190926
605@2,0,0,0,0,0,1,0,20190626,20190926
761@1,1,1,1,1,1,0,0,20190626,20190926
7032@1,1,1,1,1,1,0,0,20190626,20190926
6172@2,0,0,0,0,0,1,0,20190626,20190926
631@5,0,0,0,0,0,0,0,20190626,20190926
A953@3,0,0,0,0,0,0,1,20190626,20190926
701@1,1,1,1,1,1,0,0,20190626,20190926
715@1,1,1,1,1,1,0,0,20190626,20190926
637@2,0,0,0,0,0,1,0,20190626,20190926
650@1,1,1,1,1,1,0,0,20190626,20190926
617@2,0,0,0,0,0,1,0,20190626,20190926
6531@1,1,1,1,1,1,0,0,20190626,20190926
662@1,1,1,1,1,1,0,0,20190626,20190926
6613@5,0,0,0,0,0,0,0,20190626,20190926
7561@1,1,1,1,1,1,0,0,20190626,20190926
B094@3,0,0,0,0,0,0,1,20190626,20190926
718@1,1,1,1,1,1,0,0,20190626,20190926
A953@2,0,0,0,0,0,1,0,20190626,20190926
A953@5,0,0,0,0,0,0,0,20190626,20190926
T2A2@5,0,0,0,0,0,0,0,20190626,20190926
10.3@1,1,1,1,1,1,0,0,20190626,20190926
10.52@3,0,0,0,0,0,0,1,20190626,20190926
T6@1,1,1,1,1,1,0,0,20190626,20190926
T10@1,1,1,1,1,1,0,0,20190626,20190926
A141@1,1,1,1,1,1,0,0,20190626,20190926
177@3,0,0,0,0,0,0,1,20190626,20190926
1792@1,1,1,1,1,1,0,0,20190626,20190926
187@2,0,0,0,0,0,1,0,20190626,20190926
187@5,0,0,0,0,0,0,0,20190626,20190926
A09@1,1,1,1,1,1,0,0,20190626,20190926
R16@1,1,1,1,1,1,0,0,20190626,20190926
250@5,0,0,0,0,0,0,0,20190626,20190926
251@3,0,0,0,0,0,0,1,20190626,20190926
254@1,1,1,1,1,1,0,0,20190626,20190926
R22@1,1,1,1,1,1,0,0,20190626,20190926
R1@1,1,1,1,1,1,0,0,20190626,20190926
2631@1,1,1,1,1,1,0,0,20190626,20190926
264@1,1,1,1,1,1,0,0,20190626,20190926
165@1,1,1,1,1,1,0,0,20190626,20190926
286@1,1,1,1,1,1,0,0,20190626,20190926
A28@1,1,1,1,1,1,0,0,20190626,20190926
2733@2,0,0,0,0,0,1,0,20190626,20190926
2733@5,0,0,0,0,0,0,0,20190626,20190926
M68@2,0,0,0,0,0,1,0,20190626,20190926
M68@5,0,0,0,0,0,0,0,20190626,20190926
2816@5,0,0,0,0,0,0,0,20190626,20190926
A81@3,0,0,0,0,0,0,1,20190626,20190926
283@1,1,1,1,1,1,0,0,20190626,20190926
A85@3,0,0,0,0,0,0,1,20190626,20190926
A161@1,1,1,1,1,1,0,0,20190626,20190926
30.2@5,0,0,0,0,0,0,0,20190626,20190926
3441@3,0,0,0,0,0,0,1,20190626,20190926
346@2,0,0,0,0,0,1,0,20190626,20190926
A348@3,0,0,0,0,0,0,1,20190626,20190926
375@1,1,1,1,1,1,0,0,20190626,20190926
3752@3,0,0,0,0,0,0,1,20190626,20190926
3762@3,0,0,0,0,0,0,1,20190626,20190926
3763@3,0,0,0,0,0,0,1,20190626,20190926
3941@3,0,0,0,0,0,0,1,20190626,20190926
3952@1,1,1,1,1,1,0,0,20190626,20190926
R321@2,0,0,0,0,0,1,0,20190626,20190926
A992@1,1,1,1,1,1,0,0,20190626,20190926
C981@1,1,1,1,1,1,0,0,20190626,20190926
A96@1,1,1,1,1,1,0,0,20190626,20190926
A981@1,1,1,1,1,1,0,0,20190626,20190926
40.42@3,0,0,0,0,0,0,1,20190626,20190926
4321@1,1,1,1,1,1,0,0,20190626,20190926
490@1,1,1,1,1,1,0,0,20190626,20190926
50.11@1,1,1,1,1,1,0,0,20190626,20190926
60.1@1,1,1,1,1,1,0,0,20190626,20190926
M60.5@3,0,0,0,0,0,0,1,20190626,20190926
6101@5,0,0,0,0,0,0,0,20190626,20190926
6135@3,0,0,0,0,0,0,1,20190626,20190926
6171@1,1,1,1,1,1,0,0,20190626,20190926
6172@1,1,1,1,1,1,0,0,20190626,20190926
6201@1,1,1,1,1,1,0,0,20190626,20190926
520@2,0,0,0,0,0,1,0,20190626,20190926
624@1,1,1,1,1,1,0,0,20190626,20190926
A24@1,1,1,1,1,1,0,0,20190626,20190926
B251@1,1,1,1,1,1,0,0,20190626,20190926
631@1,1,1,1,1,1,0,0,20190626,20190926
637@3,0,0,0,0,0,0,1,20190626,20190926
617@1,1,1,1,1,1,0,0,20190626,20190926
862@1,1,1,1,1,1,0,0,20190626,20190926
B022@1,1,1,1,1,1,0,0,20190626,20190926
B024@3,0,0,0,0,0,0,1,20190626,20190926
6651@1,1,1,1,1,1,0,0,20190626,20190926
B55@3,0,0,0,0,0,0,1,20190626,20190926
7041@3,0,0,0,0,0,0,1,20190626,20190926
7151@5,0,0,0,0,0,0,0,20190626,20190926
C2@2,0,0,0,0,0,1,0,20190626,20190926
C2@5,0,0,0,0,0,0,0,20190626,20190926
C11@2,0,0,0,0,0,1,0,20190626,20190926
T2@2,0,0,0,0,0,1,0,20190626,20190926
T2@5,0,0,0,0,0,0,0,20190626,20190926
T5@1,1,1,1,1,1,0,0,20190626,20190926
T51@5,0,0,0,0,0,0,0,20190626,20190926
10.7@3,0,0,0,0,0,0,1,20190626,20190926
171@2,0,0,0,0,0,1,0,20190626,20190926
171@5,0,0,0,0,0,0,0,20190626,20190926
173@3,0,0,0,0,0,0,1,20190626,20190926
179@3,0,0,0,0,0,0,1,20190626,20190926
184@3,0,0,0,0,0,0,1,20190626,20190926
20.6@1,1,1,1,1,1,0,0,20190626,20190926
A15@1,1,1,1,1,1,0,0,20190626,20190926
216@1,1,1,1,1,1,0,0,20190626,20190926
111@1,1,1,1,1,1,0,0,20190626,20190926
M10@3,0,0,0,0,0,0,1,20190626,20190926
2572@3,0,0,0,0,0,0,1,20190626,20190926
2573@2,0,0,0,0,0,1,0,20190626,20190926
2573@5,0,0,0,0,0,0,0,20190626,20190926
2602@3,0,0,0,0,0,0,1,20190626,20190926
2632@2,0,0,0,0,0,1,0,20190626,20190926
2843@3,0,0,0,0,0,0,1,20190626,20190926
A73@1,1,1,1,1,1,0,0,20190626,20190926
A70@1,1,1,1,1,1,0,0,20190626,20190926
F03@3,0,0,0,0,0,0,1,20190626,20190926
344@1,1,1,1,1,1,0,0,20190626,20190926
394@1,1,1,1,1,1,0,0,20190626,20190926
A99@2,0,0,0,0,0,1,0,20190626,20190926
A99@5,0,0,0,0,0,0,0,20190626,20190926
A991@3,0,0,0,0,0,0,1,20190626,20190926
A951@1,1,1,1,1,1,0,0,20190626,20190926
40.4@1,1,1,1,1,1,0,0,20190626,20190926
4292@3,0,0,0,0,0,0,1,20190626,20190926
433@1,1,1,1,1,1,0,0,20190626,20190926
4382@3,0,0,0,0,0,0,1,20190626,20190926
441@2,0,0,0,0,0,1,0,20190626,20190926
441@5,0,0,0,0,0,0,0,20190626,20190926
473@3,0,0,0,0,0,0,1,20190626,20190926
60.6@1,1,1,1,1,1,0,0,20190626,20190926
60.2@2,0,0,0,0,0,1,0,20190626,20190926
60.4@1,1,1,1,1,1,0,0,20190626,20190926
60.5@5,0,0,0,0,0,0,0,20190626,20190926
605@1,1,1,1,1,1,0,0,20190626,20190926
608@3,0,0,0,0,0,0,1,20190626,20190926
620@1,1,1,1,1,1,0,0,20190626,20190926
6204@1,1,1,1,1,1,0,0,20190626,20190926
621@3,0,0,0,0,0,0,1,20190626,20190926
B25@2,0,0,0,0,0,1,0,20190626,20190926
B25@5,0,0,0,0,0,0,0,20190626,20190926
M31@1,1,1,1,1,1,0,0,20190626,20190926
632@2,0,0,0,0,0,1,0,20190626,20190926
650@2,0,0,0,0,0,1,0,20190626,20190926
650@5,0,0,0,0,0,0,0,20190626,20190926
652@3,0,0,0,0,0,0,1,20190626,20190926
M52@2,0,0,0,0,0,1,0,20190626,20190926
B51@1,1,1,1,1,1,0,0,20190626,20190926
6625@1,1,1,1,1,1,0,0,20190626,20190926
R62@1,1,1,1,1,1,0,0,20190626,20190926
B021@1,1,1,1,1,1,0,0,20190626,20190926
665@3,0,0,0,0,0,0,1,20190626,20190926
702@1,1,1,1,1,1,0,0,20190626,20190926
704@3,0,0,0,0,0,0,1,20190626,20190926
856@1,1,1,1,1,1,0,0,20190626,20190926
C4@2,0,0,0,0,0,1,0,20190626,20190926
C4@5,0,0,0,0,0,0,0,20190626,20190926
B011@1,1,1,1,1,1,0,0,20190626,20190926
B092@1,1,1,1,1,1,0,0,20190626,20190926
B094@2,0,0,0,0,0,1,0,20190626,20190926
T2A@2,0,0,0,0,0,1,0,20190626,20190926
T2A@5,0,0,0,0,0,0,0,20190626,20190926
10.3@3,0,0,0,0,0,0,1,20190626,20190926
C80@2,0,0,0,0,0,1,0,20190626,20190926
20.61@2,0,0,0,0,0,1,0,20190626,20190926
20.61@5,0,0,0,0,0,0,0,20190626,20190926
A09@3,0,0,0,0,0,0,1,20190626,20190926
2541@5,0,0,0,0,0,0,0,20190626,20190926
2701@2,0,0,0,0,0,1,0,20190626,20190926
165@2,0,0,0,0,0,1,0,20190626,20190926
284@3,0,0,0,0,0,0,1,20190626,20190926
289@2,0,0,0,0,0,1,0,20190626,20190926
2843@1,1,1,1,1,1,0,0,20190626,20190926
A841@1,1,1,1,1,1,0,0,20190626,20190926
A74@1,1,1,1,1,1,0,0,20190626,20190926
272@2,0,0,0,0,0,1,0,20190626,20190926
272@5,0,0,0,0,0,0,0,20190626,20190926
2811@1,1,1,1,1,1,0,0,20190626,20190926
2812@2,0,0,0,0,0,1,0,20190626,20190926
2815@1,1,1,1,1,1,0,0,20190626,20190926
2816@3,0,0,0,0,0,0,1,20190626,20190926
R81@1,1,1,1,1,1,0,0,20190626,20190926
A81@1,1,1,1,1,1,0,0,20190626,20190926
A85@2,0,0,0,0,0,1,0,20190626,20190926
A85@5,0,0,0,0,0,0,0,20190626,20190926
F03@5,0,0,0,0,0,0,0,20190626,20190926
30.2@3,0,0,0,0,0,0,1,20190626,20190926
343@1,1,1,1,1,1,0,0,20190626,20190926
344@3,0,0,0,0,0,0,1,20190626,20190926
3441@1,1,1,1,1,1,0,0,20190626,20190926
353@1,1,1,1,1,1,0,0,20190626,20190926
361@5,0,0,0,0,0,0,0,20190626,20190926
398@2,0,0,0,0,0,1,0,20190626,20190926
398@5,0,0,0,0,0,0,0,20190626,20190926
429@3,0,0,0,0,0,0,1,20190626,20190926
4932@1,1,1,1,1,1,0,0,20190626,20190926
A97@3,0,0,0,0,0,0,1,20190626,20190926
492@2,0,0,0,0,0,1,0,20190626,20190926
497@1,1,1,1,1,1,0,0,20190626,20190926
50.3@1,1,1,1,1,1,0,0,20190626,20190926
50.31@1,1,1,1,1,1,0,0,20190626,20190926
60.5@3,0,0,0,0,0,0,1,20190626,20190926
611@1,1,1,1,1,1,0,0,20190626,20190926
TR61@2,0,0,0,0,0,1,0,20190626,20190926
6135@5,0,0,0,0,0,0,0,20190626,20190926
620@3,0,0,0,0,0,0,1,20190626,20190926
520@1,1,1,1,1,1,0,0,20190626,20190926
B252@1,1,1,1,1,1,0,0,20190626,20190926
7271@1,1,1,1,1,1,0,0,20190626,20190926
631@2,0,0,0,0,0,1,0,20190626,20190926
632@1,1,1,1,1,1,0,0,20190626,20190926
6331@1,1,1,1,1,1,0,0,20190626,20190926
637@5,0,0,0,0,0,0,0,20190626,20190926
M52@1,1,1,1,1,1,0,0,20190626,20190926
6614@3,0,0,0,0,0,0,1,20190626,20190926
7611@1,1,1,1,1,1,0,0,20190626,20190926
B55@5,0,0,0,0,0,0,0,20190626,20190926
7041@1,1,1,1,1,1,0,0,20190626,20190926
7151@3,0,0,0,0,0,0,1,20190626,20190926
B56@2,0,0,0,0,0,1,0,20190626,20190926
B091@1,1,1,1,1,1,0,0,20190626,20190926
T3@5,0,0,0,0,0,0,0,20190626,20190926
10.6@1,1,1,1,1,1,0,0,20190626,20190926
A142@1,1,1,1,1,1,0,0,20190626,20190926
244@1,1,1,1,1,1,0,0,20190626,20190926
2441@2,0,0,0,0,0,1,0,20190626,20190926
2441@5,0,0,0,0,0,0,0,20190626,20190926
1714@1,1,1,1,1,1,0,0,20190626,20190926
178@3,0,0,0,0,0,0,1,20190626,20190926
1795@1,1,1,1,1,1,0,0,20190626,20190926
C80@1,1,1,1,1,1,0,0,20190626,20190926
282@2,0,0,0,0,0,1,0,20190626,20190926
282@5,0,0,0,0,0,0,0,20190626,20190926
188@1,1,1,1,1,1,0,0,20190626,20190926
20.2@2,0,0,0,0,0,1,0,20190626,20190926
20.2@5,0,0,0,0,0,0,0,20190626,20190926
20.21@1,1,1,1,1,1,0,0,20190626,20190926
T12A@1,1,1,1,1,1,0,0,20190626,20190926
214@1,1,1,1,1,1,0,0,20190626,20190926
255@3,0,0,0,0,0,0,1,20190626,20190926
2541@3,0,0,0,0,0,0,1,20190626,20190926
2601@3,0,0,0,0,0,0,1,20190626,20190926
262@2,0,0,0,0,0,1,0,20190626,20190926
170@1,1,1,1,1,1,0,0,20190626,20190926
2701@1,1,1,1,1,1,0,0,20190626,20190926
289@1,1,1,1,1,1,0,0,20190626,20190926
268@2,0,0,0,0,0,1,0,20190626,20190926
268@5,0,0,0,0,0,0,0,20190626,20190926
A74@3,0,0,0,0,0,0,1,20190626,20190926
2672@1,1,1,1,1,1,0,0,20190626,20190926
2721@2,0,0,0,0,0,1,0,20190626,20190926
A875@1,1,1,1,1,1,0,0,20190626,20190926
2832@1,1,1,1,1,1,0,0,20190626,20190926
30.11@1,1,1,1,1,1,0,0,20190626,20190926
3442@5,0,0,0,0,0,0,0,20190626,20190926
347@2,0,0,0,0,0,1,0,20190626,20190926
347@5,0,0,0,0,0,0,0,20190626,20190926
353@3,0,0,0,0,0,0,1,20190626,20190926
361@3,0,0,0,0,0,0,1,20190626,20190926
A94@1,1,1,1,1,1,0,0,20190626,20190926
A943@1,1,1,1,1,1,0,0,20190626,20190926
3951@1,1,1,1,1,1,0,0,20190626,20190926
M98@2,0,0,0,0,0,1,0,20190626,20190926
M98@5,0,0,0,0,0,0,0,20190626,20190926
3982@1,1,1,1,1,1,0,0,20190626,20190926
3984@1,1,1,1,1,1,0,0,20190626,20190926
40.2@1,1,1,1,1,1,0,0,20190626,20190926
429@2,0,0,0,0,0,1,0,20190626,20190926
429@5,0,0,0,0,0,0,0,20190626,20190926
4332@3,0,0,0,0,0,0,1,20190626,20190926
476@2,0,0,0,0,0,1,0,20190626,20190926
A97@1,1,1,1,1,1,0,0,20190626,20190926
A974@3,0,0,0,0,0,0,1,20190626,20190926
491@2,0,0,0,0,0,1,0,20190626,20190926
491@5,0,0,0,0,0,0,0,20190626,20190926
525@3,0,0,0,0,0,0,1,20190626,20190926
T7@2,0,0,0,0,0,1,0,20190626,20190926
T7@5,0,0,0,0,0,0,0,20190626,20190926
610@1,1,1,1,1,1,0,0,20190626,20190926
611@2,0,0,0,0,0,1,0,20190626,20190926
TR61@1,1,1,1,1,1,0,0,20190626,20190926
5202@1,1,1,1,1,1,0,0,20190626,20190926
D73@1,1,1,1,1,1,0,0,20190626,20190926
6311@1,1,1,1,1,1,0,0,20190626,20190926
7311@1,1,1,1,1,1,0,0,20190626,20190926
6321@1,1,1,1,1,1,0,0,20190626,20190926
654@3,0,0,0,0,0,0,1,20190626,20190926
6562@1,1,1,1,1,1,0,0,20190626,20190926
659@3,0,0,0,0,0,0,1,20190626,20190926
A62@3,0,0,0,0,0,0,1,20190626,20190926
661@2,0,0,0,0,0,1,0,20190626,20190926
661@5,0,0,0,0,0,0,0,20190626,20190926
6614@5,0,0,0,0,0,0,0,20190626,20190926
761@2,0,0,0,0,0,1,0,20190626,20190926
A05@1,1,1,1,1,1,0,0,20190626,20190926
718@2,0,0,0,0,0,1,0,20190626,20190926
718@5,0,0,0,0,0,0,0,20190626,20190926
756@2,0,0,0,0,0,1,0,20190626,20190926
B56@1,1,1,1,1,1,0,0,20190626,20190926
B09@1,1,1,1,1,1,0,0,20190626,20190926
A952@3,0,0,0,0,0,0,1,20190626,20190926
LI.1@1,1,1,1,1,1,0,0,20190626,20190926
